Threshold,Accuracy,Precision,Recall,F1-Score
0.7,1.0,1.0,1.0,1.0
0.71,1.0,1.0,1.0,1.0
0.72,0.9983277591973244,0.9983277591973244,0.9983277591973244,0.9983277591973244
0.73,0.9983277591973244,0.9983277591973244,0.9983277591973244,0.9983277591973244
0.74,0.9983277591973244,0.9983277591973244,0.9983277591973244,0.9983277591973244
0.75,0.9983277591973244,0.9983277591973244,0.9983277591973244,0.9983277591973244
0.76,0.9983277591973244,0.9983277591973244,0.9983277591973244,0.9983277591973244
0.77,0.9966555183946488,0.9966555183946488,0.9966555183946488,0.9966555183946488
0.78,0.9966555183946488,0.9966555183946488,0.9966555183946488,0.9966555183946488
0.79,0.9933110367892977,0.9933110367892977,0.9933110367892977,0.9933110367892977
0.8,0.9866220735785953,0.9866220735785953,0.9866220735785953,0.9866220735785953
0.81,0.9832775919732442,0.9832775919732442,0.9832775919732442,0.9832775919732442
0.82,0.9782608695652174,0.9782608695652174,0.9782608695652174,0.9782608695652174
0.83,0.9632107023411371,0.9632107023411371,0.9632107023411371,0.9632107023411371
0.84,0.9331103678929766,0.9331103678929766,0.9331103678929766,0.9331103678929766
0.85,0.9096989966555183,0.9096989966555183,0.9096989966555183,0.9096989966555183
0.86,0.8846153846153846,0.8846153846153846,0.8846153846153846,0.8846153846153846
0.87,0.862876254180602,0.862876254180602,0.862876254180602,0.862876254180602
0.88,0.8060200668896321,0.8060200668896321,0.8060200668896321,0.8060200668896321
0.89,0.754180602006689,0.754180602006689,0.754180602006689,0.754180602006689
0.9,0.6655518394648829,0.6655518394648829,0.6655518394648829,0.6655518394648829
0.91,0.580267558528428,0.580267558528428,0.580267558528428,0.580267558528428
0.92,0.44816053511705684,0.44816053511705684,0.44816053511705684,0.44816053511705684
0.93,0.3294314381270903,0.3294314381270903,0.3294314381270903,0.3294314381270903
0.94,0.20066889632107024,0.20066889632107024,0.20066889632107024,0.20066889632107024
0.95,0.09197324414715718,0.09197324414715718,0.09197324414715718,0.0919732441471572
0.96,0.03511705685618729,0.03511705685618729,0.03511705685618729,0.03511705685618729
0.97,0.010033444816053512,0.010033444816053512,0.010033444816053512,0.010033444816053512
0.98,0.0,0.0,0.0,0.0
0.99,0.0,0.0,0.0,0.0
1.0,0.0,0.0,0.0,0.0
